,Neighbourhood,Postalcode,Neighborhood Latitude,Neighborhood Longitude,Venue,fsq_id,Venue Latitude,Venue Longitude,Venue Category
0,Lawrence Park,M4N,43.7280205,-79.3887901,Lili Viola Pilates Inc,31075a42d66e4d8e534d83a9,43.731336,-79.4036,Pilates Studio
1,Lawrence Park,M4N,43.7280205,-79.3887901,Essence Pilates,4e7518bc7d8b917602eaf409,43.714116,-79.400148,Pilates Studio
3,Davisville North,M4P,43.7127511,-79.3901975,Essence Pilates,4e7518bc7d8b917602eaf409,43.714116,-79.400148,Pilates Studio
4,Davisville North,M4P,43.7127511,-79.3901975,Pilates-Stott Pilates Studio Equipment Sales &Certification,4b9842fdf964a520063835e3,43.706095,-79.398446,Pilates Studio
5,Davisville North,M4P,43.7127511,-79.3901975,Striation 6,4e278ca9a809ec0663e5d6e5,43.698445,-79.394745,Pilates Studio
6,Davisville North,M4P,43.7127511,-79.3901975,Stott Pilates,6d28bac5ad31477861e67c99,43.706625,-79.398109,Pilates Studio
8,Davisville North,M4P,43.7127511,-79.3901975,Body Harmonics Pilates,e2e88849bbb44eb6dc10c9ba,43.706397,-79.401256,Pilates Studio
9,Davisville North,M4P,43.7127511,-79.3901975,North Movement Studio,191a326590db451f73ff78d6,43.707479,-79.375497,Pilates Studio
10,North Toronto West,M4R,43.7153834,-79.4056784,Essence Pilates,4e7518bc7d8b917602eaf409,43.714116,-79.400148,Pilates Studio
11,North Toronto West,M4R,43.7153834,-79.4056784,Pilates-Stott Pilates Studio Equipment Sales &Certification,4b9842fdf964a520063835e3,43.706095,-79.398446,Pilates Studio
12,North Toronto West,M4R,43.7153834,-79.4056784,Body Harmonics Pilates,4e558712d4c0c50afda8fb30,43.70353,-79.412873,Pilates Studio
13,North Toronto West,M4R,43.7153834,-79.4056784,Lili Viola Pilates Inc,31075a42d66e4d8e534d83a9,43.731336,-79.4036,Pilates Studio
15,North Toronto West,M4R,43.7153834,-79.4056784,Body Harmonics Pilates,e2e88849bbb44eb6dc10c9ba,43.706397,-79.401256,Pilates Studio
16,North Toronto West,M4R,43.7153834,-79.4056784,Stott Pilates,6d28bac5ad31477861e67c99,43.706625,-79.398109,Pilates Studio
17,North Toronto West,M4R,43.7153834,-79.4056784,Lili Viola Pilates Inc,7df0ad9e659c4b607b100bb5,43.729266,-79.418162,Pilates Studio
18,Davisville,M4S,43.7043244,-79.3887901,Pilates-Stott Pilates Studio Equipment Sales &Certification,4b9842fdf964a520063835e3,43.706095,-79.398446,Pilates Studio
19,Davisville,M4S,43.7043244,-79.3887901,Striation 6,4e278ca9a809ec0663e5d6e5,43.698445,-79.394745,Pilates Studio
20,Davisville,M4S,43.7043244,-79.3887901,Essence Pilates,4e7518bc7d8b917602eaf409,43.714116,-79.400148,Pilates Studio
21,Davisville,M4S,43.7043244,-79.3887901,Core Body Science,4e307348922e065e29f3b62c,43.704503,-79.366178,Pilates Studio
22,Davisville,M4S,43.7043244,-79.3887901,Body Harmonics Pilates,4e558712d4c0c50afda8fb30,43.70353,-79.412873,Pilates Studio
23,Davisville,M4S,43.7043244,-79.3887901,Stott Pilates,6d28bac5ad31477861e67c99,43.706625,-79.398109,Pilates Studio
24,Davisville,M4S,43.7043244,-79.3887901,Body Harmonics Pilates,e2e88849bbb44eb6dc10c9ba,43.706397,-79.401256,Pilates Studio
25,Davisville,M4S,43.7043244,-79.3887901,North Movement Studio,191a326590db451f73ff78d6,43.707479,-79.375497,Pilates Studio
27,"Moore Park, Summerhill East",M4T,43.6895743,-79.3831599,Striation 6,4e278ca9a809ec0663e5d6e5,43.698445,-79.394745,Pilates Studio
28,"Moore Park, Summerhill East",M4T,43.6895743,-79.3831599,Body Mason,55fb37b3498edd6515930db3,43.674836,-79.388127,Pilates Studio
29,"Moore Park, Summerhill East",M4T,43.6895743,-79.3831599,Eden Pilates,4f147559d5fb04999e94a665,43.674763,-79.38835,Pilates Studio
30,"Moore Park, Summerhill East",M4T,43.6895743,-79.3831599,Coyne Pilates,4bd8a06003979c745323bdd2,43.672889,-79.384777,Pilates Studio
31,"Moore Park, Summerhill East",M4T,43.6895743,-79.3831599,Ugly Duckling Movement Studio,06b630ea421942ae82614c7e,43.674174,-79.385636,Pilates Studio
32,"Moore Park, Summerhill East",M4T,43.6895743,-79.3831599,Ugly Duckling Pilates,20e05b15a08046913a6c96df,43.674122,-79.385581,Pilates Studio
33,"Moore Park, Summerhill East",M4T,43.6895743,-79.3831599,Pilates With Stav,5e3d496e14ef4c636a892e2d,43.672547,-79.389493,Pilates Studio
34,"Summerhill West, Rathnelly, South Hill, Forest Hill SE, Deer Park",M4V,43.6864123,-79.4000493,Shas Yoga & Pilates Studio,4fe399f7e4b07215b0198bdb,43.675472,-79.403337,Pilates Studio
35,"Summerhill West, Rathnelly, South Hill, Forest Hill SE, Deer Park",M4V,43.6864123,-79.4000493,Striation 6,4e278ca9a809ec0663e5d6e5,43.698445,-79.394745,Pilates Studio
36,"Summerhill West, Rathnelly, South Hill, Forest Hill SE, Deer Park",M4V,43.6864123,-79.4000493,Eden Pilates,4f147559d5fb04999e94a665,43.674763,-79.38835,Pilates Studio
37,"Summerhill West, Rathnelly, South Hill, Forest Hill SE, Deer Park",M4V,43.6864123,-79.4000493,Body Mason,55fb37b3498edd6515930db3,43.674836,-79.388127,Pilates Studio
38,"Summerhill West, Rathnelly, South Hill, Forest Hill SE, Deer Park",M4V,43.6864123,-79.4000493,Inhabit Pilates Movement,51688c23e4b0ad6ec99fd46e,43.675467,-79.414983,Pilates Studio
39,"Summerhill West, Rathnelly, South Hill, Forest Hill SE, Deer Park",M4V,43.6864123,-79.4000493,Pilates For Life,4b27ba32f964a520068924e3,43.671943,-79.390847,Pilates Studio
40,"Summerhill West, Rathnelly, South Hill, Forest Hill SE, Deer Park",M4V,43.6864123,-79.4000493,Yorkville Pilates,552fcdcb498e1648d9296c98,43.669954,-79.395815,Pilates Studio
41,"Summerhill West, Rathnelly, South Hill, Forest Hill SE, Deer Park",M4V,43.6864123,-79.4000493,Coyne Pilates,4bd8a06003979c745323bdd2,43.672889,-79.384777,Pilates Studio
42,"Summerhill West, Rathnelly, South Hill, Forest Hill SE, Deer Park",M4V,43.6864123,-79.4000493,Pilates With Stav,5e3d496e14ef4c636a892e2d,43.672547,-79.389493,Pilates Studio
43,"Summerhill West, Rathnelly, South Hill, Forest Hill SE, Deer Park",M4V,43.6864123,-79.4000493,Mandy Mintz,ff7e4f2da4b740f1e88d516f,43.671943,-79.390847,Pilates Studio
44,"Summerhill West, Rathnelly, South Hill, Forest Hill SE, Deer Park",M4V,43.6864123,-79.4000493,Ugly Duckling Movement Studio,06b630ea421942ae82614c7e,43.674174,-79.385636,Pilates Studio
45,"Summerhill West, Rathnelly, South Hill, Forest Hill SE, Deer Park",M4V,43.6864123,-79.4000493,Ugly Duckling Pilates,20e05b15a08046913a6c96df,43.674122,-79.385581,Pilates Studio
46,Roselawn,M5N,43.7116948,-79.4169356,Body Harmonics Pilates,4e558712d4c0c50afda8fb30,43.70353,-79.412873,Pilates Studio
47,Roselawn,M5N,43.7116948,-79.4169356,Essence Pilates,4e7518bc7d8b917602eaf409,43.714116,-79.400148,Pilates Studio
48,Roselawn,M5N,43.7116948,-79.4169356,Pilates-Stott Pilates Studio Equipment Sales &Certification,4b9842fdf964a520063835e3,43.706095,-79.398446,Pilates Studio
49,Roselawn,M5N,43.7116948,-79.4169356,Body Harmonics Pilates,e2e88849bbb44eb6dc10c9ba,43.706397,-79.401256,Pilates Studio
51,Roselawn,M5N,43.7116948,-79.4169356,Stott Pilates,6d28bac5ad31477861e67c99,43.706625,-79.398109,Pilates Studio
52,Roselawn,M5N,43.7116948,-79.4169356,Lili Viola Pilates Inc,7df0ad9e659c4b607b100bb5,43.729266,-79.418162,Pilates Studio
53,Forest Hill North & West,M5P,43.6969476,-79.4113072,Body Harmonics Pilates,4e558712d4c0c50afda8fb30,43.70353,-79.412873,Pilates Studio
54,Forest Hill North & West,M5P,43.6969476,-79.4113072,Striation 6,4e278ca9a809ec0663e5d6e5,43.698445,-79.394745,Pilates Studio
55,Forest Hill North & West,M5P,43.6969476,-79.4113072,Pilates-Stott Pilates Studio Equipment Sales &Certification,4b9842fdf964a520063835e3,43.706095,-79.398446,Pilates Studio
56,Forest Hill North & West,M5P,43.6969476,-79.4113072,Body Harmonics Pilates,e2e88849bbb44eb6dc10c9ba,43.706397,-79.401256,Pilates Studio
57,Forest Hill North & West,M5P,43.6969476,-79.4113072,Stott Pilates,6d28bac5ad31477861e67c99,43.706625,-79.398109,Pilates Studio
58,"The Annex, North Midtown, Yorkville",M5R,43.6727097,-79.4056784,Shas Yoga & Pilates Studio,4fe399f7e4b07215b0198bdb,43.675472,-79.403337,Pilates Studio
59,"The Annex, North Midtown, Yorkville",M5R,43.6727097,-79.4056784,Inhabit Pilates Movement,51688c23e4b0ad6ec99fd46e,43.675467,-79.414983,Pilates Studio
60,"The Annex, North Midtown, Yorkville",M5R,43.6727097,-79.4056784,Yorkville Pilates,552fcdcb498e1648d9296c98,43.669954,-79.395815,Pilates Studio
61,"The Annex, North Midtown, Yorkville",M5R,43.6727097,-79.4056784,Pilates For Life,4b27ba32f964a520068924e3,43.671943,-79.390847,Pilates Studio
62,"The Annex, North Midtown, Yorkville",M5R,43.6727097,-79.4056784,Body Harmonics Pilates,4bd773ce5cf276b0be579b00,43.671702,-79.421958,Pilates Studio
63,"The Annex, North Midtown, Yorkville",M5R,43.6727097,-79.4056784,Eden Pilates,4f147559d5fb04999e94a665,43.674763,-79.38835,Pilates Studio
64,"The Annex, North Midtown, Yorkville",M5R,43.6727097,-79.4056784,Body Mason,55fb37b3498edd6515930db3,43.674836,-79.388127,Pilates Studio
65,"The Annex, North Midtown, Yorkville",M5R,43.6727097,-79.4056784,Coyne Pilates,4bd8a06003979c745323bdd2,43.672889,-79.384777,Pilates Studio
66,"The Annex, North Midtown, Yorkville",M5R,43.6727097,-79.4056784,Mandy Mintz,ff7e4f2da4b740f1e88d516f,43.671943,-79.390847,Pilates Studio
67,"The Annex, North Midtown, Yorkville",M5R,43.6727097,-79.4056784,Pilates With Stav,5e3d496e14ef4c636a892e2d,43.672547,-79.389493,Pilates Studio
68,"The Annex, North Midtown, Yorkville",M5R,43.6727097,-79.4056784,Ugly Duckling Movement Studio,06b630ea421942ae82614c7e,43.674174,-79.385636,Pilates Studio
69,"The Annex, North Midtown, Yorkville",M5R,43.6727097,-79.4056784,Ugly Duckling Pilates,20e05b15a08046913a6c96df,43.674122,-79.385581,Pilates Studio
70,"The Annex, North Midtown, Yorkville",M5R,43.6727097,-79.4056784,Walker Dance Studios,aadffd01ad104bb8624857b6,43.666475,-79.384971,Pilates Studio
71,Rosedale,M4W,43.6795626,-79.3775294,Coyne Pilates,4bd8a06003979c745323bdd2,43.672889,-79.384777,Pilates Studio
72,Rosedale,M4W,43.6795626,-79.3775294,Body Mason,55fb37b3498edd6515930db3,43.674836,-79.388127,Pilates Studio
73,Rosedale,M4W,43.6795626,-79.3775294,Eden Pilates,4f147559d5fb04999e94a665,43.674763,-79.38835,Pilates Studio
74,Rosedale,M4W,43.6795626,-79.3775294,Pilates For Life,4b27ba32f964a520068924e3,43.671943,-79.390847,Pilates Studio
75,Rosedale,M4W,43.6795626,-79.3775294,Sagrario Pilates Studio,4aeaed64f964a520b9bc21e3,43.665463,-79.381116,Pilates Studio
76,Rosedale,M4W,43.6795626,-79.3775294,Yorkville Pilates,552fcdcb498e1648d9296c98,43.669954,-79.395815,Pilates Studio
77,Rosedale,M4W,43.6795626,-79.3775294,Ugly Duckling Movement Studio,06b630ea421942ae82614c7e,43.674174,-79.385636,Pilates Studio
78,Rosedale,M4W,43.6795626,-79.3775294,Ugly Duckling Pilates,20e05b15a08046913a6c96df,43.674122,-79.385581,Pilates Studio
79,Rosedale,M4W,43.6795626,-79.3775294,Pilates With Stav,5e3d496e14ef4c636a892e2d,43.672547,-79.389493,Pilates Studio
80,Rosedale,M4W,43.6795626,-79.3775294,Mandy Mintz,ff7e4f2da4b740f1e88d516f,43.671943,-79.390847,Pilates Studio
81,Rosedale,M4W,43.6795626,-79.3775294,Walker Dance Studios,aadffd01ad104bb8624857b6,43.666475,-79.384971,Pilates Studio
82,Rosedale,M4W,43.6795626,-79.3775294,Nourishing Vitality,ab95f03cd56b450730e5d297,43.677131,-79.353318,Pilates Studio
83,"St. James Town, Cabbagetown",M4X,43.667967,-79.3676753,Sagrario Pilates Studio,4aeaed64f964a520b9bc21e3,43.665463,-79.381116,Pilates Studio
85,"St. James Town, Cabbagetown",M4X,43.667967,-79.3676753,Coyne Pilates,4bd8a06003979c745323bdd2,43.672889,-79.384777,Pilates Studio
86,"St. James Town, Cabbagetown",M4X,43.667967,-79.3676753,Framewrk,599f64951755620376310885,43.658327,-79.353283,Pilates Studio
87,"St. James Town, Cabbagetown",M4X,43.667967,-79.3676753,Have a Nice Day Pilates,61845b587f081a47081cf050,43.654036,-79.361392,Pilates Studio
88,"St. James Town, Cabbagetown",M4X,43.667967,-79.3676753,Riverdale Pilates,4bda20bfc79cc92848a77de9,43.678018,-79.350372,Pilates Studio
89,"St. James Town, Cabbagetown",M4X,43.667967,-79.3676753,Body Mason,55fb37b3498edd6515930db3,43.674836,-79.388127,Pilates Studio
90,"St. James Town, Cabbagetown",M4X,43.667967,-79.3676753,Eden Pilates,4f147559d5fb04999e94a665,43.674763,-79.38835,Pilates Studio
91,"St. James Town, Cabbagetown",M4X,43.667967,-79.3676753,Pilates For Life,4b27ba32f964a520068924e3,43.671943,-79.390847,Pilates Studio
92,"St. James Town, Cabbagetown",M4X,43.667967,-79.3676753,Walker Dance Studios,aadffd01ad104bb8624857b6,43.666475,-79.384971,Pilates Studio
93,"St. James Town, Cabbagetown",M4X,43.667967,-79.3676753,Nourishing Vitality,ab95f03cd56b450730e5d297,43.677131,-79.353318,Pilates Studio
94,"St. James Town, Cabbagetown",M4X,43.667967,-79.3676753,Ugly Duckling Pilates,20e05b15a08046913a6c96df,43.674122,-79.385581,Pilates Studio
95,"St. James Town, Cabbagetown",M4X,43.667967,-79.3676753,Ugly Duckling Movement Studio,06b630ea421942ae82614c7e,43.674174,-79.385636,Pilates Studio
96,"St. James Town, Cabbagetown",M4X,43.667967,-79.3676753,Pilates Tall and Flex Classes with Leta,2145b254e26f4d891207a5c8,43.677389,-79.351301,Pilates Studio
97,"St. James Town, Cabbagetown",M4X,43.667967,-79.3676753,Pilates With Stav,5e3d496e14ef4c636a892e2d,43.672547,-79.389493,Pilates Studio
98,"St. James Town, Cabbagetown",M4X,43.667967,-79.3676753,Mandy Mintz,ff7e4f2da4b740f1e88d516f,43.671943,-79.390847,Pilates Studio
99,Church and Wellesley,M4Y,43.6658599,-79.3831599,Sagrario Pilates Studio,4aeaed64f964a520b9bc21e3,43.665463,-79.381116,Pilates Studio
100,Church and Wellesley,M4Y,43.6658599,-79.3831599,Coyne Pilates,4bd8a06003979c745323bdd2,43.672889,-79.384777,Pilates Studio
101,Church and Wellesley,M4Y,43.6658599,-79.3831599,Pilates For Life,4b27ba32f964a520068924e3,43.671943,-79.390847,Pilates Studio
102,Church and Wellesley,M4Y,43.6658599,-79.3831599,Eden Pilates,4f147559d5fb04999e94a665,43.674763,-79.38835,Pilates Studio
103,Church and Wellesley,M4Y,43.6658599,-79.3831599,Body Mason,55fb37b3498edd6515930db3,43.674836,-79.388127,Pilates Studio
104,Church and Wellesley,M4Y,43.6658599,-79.3831599,Yorkville Pilates,552fcdcb498e1648d9296c98,43.669954,-79.395815,Pilates Studio
105,Church and Wellesley,M4Y,43.6658599,-79.3831599,Shas Yoga & Pilates Studio,4fe399f7e4b07215b0198bdb,43.675472,-79.403337,Pilates Studio
106,Church and Wellesley,M4Y,43.6658599,-79.3831599,Walker Dance Studios,aadffd01ad104bb8624857b6,43.666475,-79.384971,Pilates Studio
107,Church and Wellesley,M4Y,43.6658599,-79.3831599,Pilates With Stav,5e3d496e14ef4c636a892e2d,43.672547,-79.389493,Pilates Studio
108,Church and Wellesley,M4Y,43.6658599,-79.3831599,Mandy Mintz,ff7e4f2da4b740f1e88d516f,43.671943,-79.390847,Pilates Studio
109,Church and Wellesley,M4Y,43.6658599,-79.3831599,Ugly Duckling Pilates,20e05b15a08046913a6c96df,43.674122,-79.385581,Pilates Studio
110,Church and Wellesley,M4Y,43.6658599,-79.3831599,Ugly Duckling Movement Studio,06b630ea421942ae82614c7e,43.674174,-79.385636,Pilates Studio
111,Church and Wellesley,M4Y,43.6658599,-79.3831599,Studio 4,74ba264fa75d43ed97298846,43.648719,-79.380556,Pilates Studio
112,"Regent Park, Harbourfront",M5A,43.6542599,-79.3606359,Have a Nice Day Pilates,61845b587f081a47081cf050,43.654036,-79.361392,Pilates Studio
113,"Regent Park, Harbourfront",M5A,43.6542599,-79.3606359,Framewrk,599f64951755620376310885,43.658327,-79.353283,Pilates Studio
116,"Regent Park, Harbourfront",M5A,43.6542599,-79.3606359,Studio 4,74ba264fa75d43ed97298846,43.648719,-79.380556,Pilates Studio
117,"Garden District, Ryerson",M5B,43.6571618,-79.3789371,Imprint Pilates,4bb13f68f964a520d7863ce3,43.646432,-79.395056,Pilates Studio
118,"Garden District, Ryerson",M5B,43.6571618,-79.3789371,Sagrario Pilates Studio,4aeaed64f964a520b9bc21e3,43.665463,-79.381116,Pilates Studio
119,"Garden District, Ryerson",M5B,43.6571618,-79.3789371,Have a Nice Day Pilates,61845b587f081a47081cf050,43.654036,-79.361392,Pilates Studio
120,"Garden District, Ryerson",M5B,43.6571618,-79.3789371,Coyne Pilates,4bd8a06003979c745323bdd2,43.672889,-79.384777,Pilates Studio
121,"Garden District, Ryerson",M5B,43.6571618,-79.3789371,Live Body Wellness Consulting,4cc5c1383ed5199c91524b1e,43.646378,-79.395796,Pilates Studio
122,"Garden District, Ryerson",M5B,43.6571618,-79.3789371,Pilates For Life,4b27ba32f964a520068924e3,43.671943,-79.390847,Pilates Studio
123,"Garden District, Ryerson",M5B,43.6571618,-79.3789371,Yorkville Pilates,552fcdcb498e1648d9296c98,43.669954,-79.395815,Pilates Studio
124,"Garden District, Ryerson",M5B,43.6571618,-79.3789371,Studio 4,74ba264fa75d43ed97298846,43.648719,-79.380556,Pilates Studio
125,"Garden District, Ryerson",M5B,43.6571618,-79.3789371,Walker Dance Studios,aadffd01ad104bb8624857b6,43.666475,-79.384971,Pilates Studio
126,"Garden District, Ryerson",M5B,43.6571618,-79.3789371,Barre 3,a55bd6549874496260831dc9,43.646172,-79.390901,Pilates Studio
127,"Garden District, Ryerson",M5B,43.6571618,-79.3789371,Mandy Mintz,ff7e4f2da4b740f1e88d516f,43.671943,-79.390847,Pilates Studio
128,"Garden District, Ryerson",M5B,43.6571618,-79.3789371,Pilates With Stav,5e3d496e14ef4c636a892e2d,43.672547,-79.389493,Pilates Studio
129,"Garden District, Ryerson",M5B,43.6571618,-79.3789371,Ugly Duckling Pilates,20e05b15a08046913a6c96df,43.674122,-79.385581,Pilates Studio
130,"Garden District, Ryerson",M5B,43.6571618,-79.3789371,Ugly Duckling Movement Studio,06b630ea421942ae82614c7e,43.674174,-79.385636,Pilates Studio
131,St. James Town,M5C,43.6514939,-79.3754179,Imprint Pilates,4bb13f68f964a520d7863ce3,43.646432,-79.395056,Pilates Studio
132,St. James Town,M5C,43.6514939,-79.3754179,Have a Nice Day Pilates,61845b587f081a47081cf050,43.654036,-79.361392,Pilates Studio
133,St. James Town,M5C,43.6514939,-79.3754179,Sagrario Pilates Studio,4aeaed64f964a520b9bc21e3,43.665463,-79.381116,Pilates Studio
134,St. James Town,M5C,43.6514939,-79.3754179,Live Body Wellness Consulting,4cc5c1383ed5199c91524b1e,43.646378,-79.395796,Pilates Studio
135,St. James Town,M5C,43.6514939,-79.3754179,Framewrk,599f64951755620376310885,43.658327,-79.353283,Pilates Studio
137,St. James Town,M5C,43.6514939,-79.3754179,Studio 4,74ba264fa75d43ed97298846,43.648719,-79.380556,Pilates Studio
138,St. James Town,M5C,43.6514939,-79.3754179,Barre 3,a55bd6549874496260831dc9,43.646172,-79.390901,Pilates Studio
139,St. James Town,M5C,43.6514939,-79.3754179,Walker Dance Studios,aadffd01ad104bb8624857b6,43.666475,-79.384971,Pilates Studio
140,Berczy Park,M5E,43.6447708,-79.3733064,Imprint Pilates,4bb13f68f964a520d7863ce3,43.646432,-79.395056,Pilates Studio
141,Berczy Park,M5E,43.6447708,-79.3733064,Have a Nice Day Pilates,61845b587f081a47081cf050,43.654036,-79.361392,Pilates Studio
142,Berczy Park,M5E,43.6447708,-79.3733064,Inner Hero Pilates,4bc642ef51b376b071471b6f,43.63762,-79.393512,Pilates Studio
143,Berczy Park,M5E,43.6447708,-79.3733064,Live Body Wellness Consulting,4cc5c1383ed5199c91524b1e,43.646378,-79.395796,Pilates Studio
144,Berczy Park,M5E,43.6447708,-79.3733064,Studio 4,74ba264fa75d43ed97298846,43.648719,-79.380556,Pilates Studio
145,Berczy Park,M5E,43.6447708,-79.3733064,Barre 3,a55bd6549874496260831dc9,43.646172,-79.390901,Pilates Studio
146,Central Bay Street,M5G,43.6579524,-79.3873826,Imprint Pilates,4bb13f68f964a520d7863ce3,43.646432,-79.395056,Pilates Studio
147,Central Bay Street,M5G,43.6579524,-79.3873826,Sagrario Pilates Studio,4aeaed64f964a520b9bc21e3,43.665463,-79.381116,Pilates Studio
148,Central Bay Street,M5G,43.6579524,-79.3873826,Live Body Wellness Consulting,4cc5c1383ed5199c91524b1e,43.646378,-79.395796,Pilates Studio
149,Central Bay Street,M5G,43.6579524,-79.3873826,Yorkville Pilates,552fcdcb498e1648d9296c98,43.669954,-79.395815,Pilates Studio
150,Central Bay Street,M5G,43.6579524,-79.3873826,Pilates For Life,4b27ba32f964a520068924e3,43.671943,-79.390847,Pilates Studio
151,Central Bay Street,M5G,43.6579524,-79.3873826,Coyne Pilates,4bd8a06003979c745323bdd2,43.672889,-79.384777,Pilates Studio
152,Central Bay Street,M5G,43.6579524,-79.3873826,Eden Pilates,4f147559d5fb04999e94a665,43.674763,-79.38835,Pilates Studio
153,Central Bay Street,M5G,43.6579524,-79.3873826,Body Mason,55fb37b3498edd6515930db3,43.674836,-79.388127,Pilates Studio
154,Central Bay Street,M5G,43.6579524,-79.3873826,Walker Dance Studios,aadffd01ad104bb8624857b6,43.666475,-79.384971,Pilates Studio
155,Central Bay Street,M5G,43.6579524,-79.3873826,Studio 4,74ba264fa75d43ed97298846,43.648719,-79.380556,Pilates Studio
156,Central Bay Street,M5G,43.6579524,-79.3873826,Barre 3,a55bd6549874496260831dc9,43.646172,-79.390901,Pilates Studio
157,Central Bay Street,M5G,43.6579524,-79.3873826,Mandy Mintz,ff7e4f2da4b740f1e88d516f,43.671943,-79.390847,Pilates Studio
158,Central Bay Street,M5G,43.6579524,-79.3873826,Pilates With Stav,5e3d496e14ef4c636a892e2d,43.672547,-79.389493,Pilates Studio
159,Central Bay Street,M5G,43.6579524,-79.3873826,Ugly Duckling Pilates,20e05b15a08046913a6c96df,43.674122,-79.385581,Pilates Studio
160,Central Bay Street,M5G,43.6579524,-79.3873826,Ugly Duckling Movement Studio,06b630ea421942ae82614c7e,43.674174,-79.385636,Pilates Studio
161,"Richmond, Adelaide, King",M5H,43.6505712,-79.3845675,Imprint Pilates,4bb13f68f964a520d7863ce3,43.646432,-79.395056,Pilates Studio
162,"Richmond, Adelaide, King",M5H,43.6505712,-79.3845675,Live Body Wellness Consulting,4cc5c1383ed5199c91524b1e,43.646378,-79.395796,Pilates Studio
163,"Richmond, Adelaide, King",M5H,43.6505712,-79.3845675,Inner Hero Pilates,4bc642ef51b376b071471b6f,43.63762,-79.393512,Pilates Studio
164,"Richmond, Adelaide, King",M5H,43.6505712,-79.3845675,Sagrario Pilates Studio,4aeaed64f964a520b9bc21e3,43.665463,-79.381116,Pilates Studio
165,"Richmond, Adelaide, King",M5H,43.6505712,-79.3845675,Have a Nice Day Pilates,61845b587f081a47081cf050,43.654036,-79.361392,Pilates Studio
166,"Richmond, Adelaide, King",M5H,43.6505712,-79.3845675,Studio 4,74ba264fa75d43ed97298846,43.648719,-79.380556,Pilates Studio
167,"Richmond, Adelaide, King",M5H,43.6505712,-79.3845675,Barre 3,a55bd6549874496260831dc9,43.646172,-79.390901,Pilates Studio
168,"Richmond, Adelaide, King",M5H,43.6505712,-79.3845675,Walker Dance Studios,aadffd01ad104bb8624857b6,43.666475,-79.384971,Pilates Studio
169,"Harbourfront East, Union Station, Toronto Islands",M5J,43.6408157,-79.3817523,Imprint Pilates,4bb13f68f964a520d7863ce3,43.646432,-79.395056,Pilates Studio
170,"Harbourfront East, Union Station, Toronto Islands",M5J,43.6408157,-79.3817523,Inner Hero Pilates,4bc642ef51b376b071471b6f,43.63762,-79.393512,Pilates Studio
171,"Harbourfront East, Union Station, Toronto Islands",M5J,43.6408157,-79.3817523,Live Body Wellness Consulting,4cc5c1383ed5199c91524b1e,43.646378,-79.395796,Pilates Studio
172,"Harbourfront East, Union Station, Toronto Islands",M5J,43.6408157,-79.3817523,Studio 4,74ba264fa75d43ed97298846,43.648719,-79.380556,Pilates Studio
173,"Harbourfront East, Union Station, Toronto Islands",M5J,43.6408157,-79.3817523,Barre 3,a55bd6549874496260831dc9,43.646172,-79.390901,Pilates Studio
174,"Toronto Dominion Centre, Design Exchange",M5K,43.6471768,-79.3815764,Imprint Pilates,4bb13f68f964a520d7863ce3,43.646432,-79.395056,Pilates Studio
175,"Toronto Dominion Centre, Design Exchange",M5K,43.6471768,-79.3815764,Live Body Wellness Consulting,4cc5c1383ed5199c91524b1e,43.646378,-79.395796,Pilates Studio
176,"Toronto Dominion Centre, Design Exchange",M5K,43.6471768,-79.3815764,Inner Hero Pilates,4bc642ef51b376b071471b6f,43.63762,-79.393512,Pilates Studio
177,"Toronto Dominion Centre, Design Exchange",M5K,43.6471768,-79.3815764,Have a Nice Day Pilates,61845b587f081a47081cf050,43.654036,-79.361392,Pilates Studio
178,"Toronto Dominion Centre, Design Exchange",M5K,43.6471768,-79.3815764,Studio 4,74ba264fa75d43ed97298846,43.648719,-79.380556,Pilates Studio
179,"Toronto Dominion Centre, Design Exchange",M5K,43.6471768,-79.3815764,Barre 3,a55bd6549874496260831dc9,43.646172,-79.390901,Pilates Studio
180,"Commerce Court, Victoria Hotel",M5L,43.6481985,-79.3798169,Imprint Pilates,4bb13f68f964a520d7863ce3,43.646432,-79.395056,Pilates Studio
181,"Commerce Court, Victoria Hotel",M5L,43.6481985,-79.3798169,Live Body Wellness Consulting,4cc5c1383ed5199c91524b1e,43.646378,-79.395796,Pilates Studio
182,"Commerce Court, Victoria Hotel",M5L,43.6481985,-79.3798169,Inner Hero Pilates,4bc642ef51b376b071471b6f,43.63762,-79.393512,Pilates Studio
183,"Commerce Court, Victoria Hotel",M5L,43.6481985,-79.3798169,Have a Nice Day Pilates,61845b587f081a47081cf050,43.654036,-79.361392,Pilates Studio
184,"Commerce Court, Victoria Hotel",M5L,43.6481985,-79.3798169,Sagrario Pilates Studio,4aeaed64f964a520b9bc21e3,43.665463,-79.381116,Pilates Studio
185,"Commerce Court, Victoria Hotel",M5L,43.6481985,-79.3798169,Studio 4,74ba264fa75d43ed97298846,43.648719,-79.380556,Pilates Studio
186,"Commerce Court, Victoria Hotel",M5L,43.6481985,-79.3798169,Barre 3,a55bd6549874496260831dc9,43.646172,-79.390901,Pilates Studio
187,"University of Toronto, Harbord",M5S,43.6626956,-79.4000493,Imprint Pilates,4bb13f68f964a520d7863ce3,43.646432,-79.395056,Pilates Studio
188,"University of Toronto, Harbord",M5S,43.6626956,-79.4000493,Yorkville Pilates,552fcdcb498e1648d9296c98,43.669954,-79.395815,Pilates Studio
189,"University of Toronto, Harbord",M5S,43.6626956,-79.4000493,Pilates For Life,4b27ba32f964a520068924e3,43.671943,-79.390847,Pilates Studio
190,"University of Toronto, Harbord",M5S,43.6626956,-79.4000493,Shas Yoga & Pilates Studio,4fe399f7e4b07215b0198bdb,43.675472,-79.403337,Pilates Studio
191,"University of Toronto, Harbord",M5S,43.6626956,-79.4000493,Sagrario Pilates Studio,4aeaed64f964a520b9bc21e3,43.665463,-79.381116,Pilates Studio
192,"University of Toronto, Harbord",M5S,43.6626956,-79.4000493,Eden Pilates,4f147559d5fb04999e94a665,43.674763,-79.38835,Pilates Studio
193,"University of Toronto, Harbord",M5S,43.6626956,-79.4000493,Body Mason,55fb37b3498edd6515930db3,43.674836,-79.388127,Pilates Studio
194,"University of Toronto, Harbord",M5S,43.6626956,-79.4000493,Coyne Pilates,4bd8a06003979c745323bdd2,43.672889,-79.384777,Pilates Studio
195,"University of Toronto, Harbord",M5S,43.6626956,-79.4000493,Live Body Wellness Consulting,4cc5c1383ed5199c91524b1e,43.646378,-79.395796,Pilates Studio
196,"University of Toronto, Harbord",M5S,43.6626956,-79.4000493,Inhabit Pilates Movement,51688c23e4b0ad6ec99fd46e,43.675467,-79.414983,Pilates Studio
197,"University of Toronto, Harbord",M5S,43.6626956,-79.4000493,Mandy Mintz,ff7e4f2da4b740f1e88d516f,43.671943,-79.390847,Pilates Studio
198,"University of Toronto, Harbord",M5S,43.6626956,-79.4000493,Walker Dance Studios,aadffd01ad104bb8624857b6,43.666475,-79.384971,Pilates Studio
199,"University of Toronto, Harbord",M5S,43.6626956,-79.4000493,Pilates With Stav,5e3d496e14ef4c636a892e2d,43.672547,-79.389493,Pilates Studio
200,"University of Toronto, Harbord",M5S,43.6626956,-79.4000493,Ugly Duckling Pilates,20e05b15a08046913a6c96df,43.674122,-79.385581,Pilates Studio
201,"University of Toronto, Harbord",M5S,43.6626956,-79.4000493,Ugly Duckling Movement Studio,06b630ea421942ae82614c7e,43.674174,-79.385636,Pilates Studio
202,"University of Toronto, Harbord",M5S,43.6626956,-79.4000493,Barre 3,a55bd6549874496260831dc9,43.646172,-79.390901,Pilates Studio
203,"Kensington Market, Chinatown, Grange Park",M5T,43.6532057,-79.4000493,Imprint Pilates,4bb13f68f964a520d7863ce3,43.646432,-79.395056,Pilates Studio
204,"Kensington Market, Chinatown, Grange Park",M5T,43.6532057,-79.4000493,Live Body Wellness Consulting,4cc5c1383ed5199c91524b1e,43.646378,-79.395796,Pilates Studio
205,"Kensington Market, Chinatown, Grange Park",M5T,43.6532057,-79.4000493,Inner Hero Pilates,4bc642ef51b376b071471b6f,43.63762,-79.393512,Pilates Studio
206,"Kensington Market, Chinatown, Grange Park",M5T,43.6532057,-79.4000493,Assembly Movement,644530c127d104495fab2b5c,43.654589,-79.422586,Pilates Studio
207,"Kensington Market, Chinatown, Grange Park",M5T,43.6532057,-79.4000493,Yorkville Pilates,552fcdcb498e1648d9296c98,43.669954,-79.395815,Pilates Studio
208,"Kensington Market, Chinatown, Grange Park",M5T,43.6532057,-79.4000493,Barre 3,a55bd6549874496260831dc9,43.646172,-79.390901,Pilates Studio
209,"Kensington Market, Chinatown, Grange Park",M5T,43.6532057,-79.4000493,Studio 4,74ba264fa75d43ed97298846,43.648719,-79.380556,Pilates Studio
210,"Kensington Market, Chinatown, Grange Park",M5T,43.6532057,-79.4000493,Walker Dance Studios,aadffd01ad104bb8624857b6,43.666475,-79.384971,Pilates Studio
211,"CN Tower, King and Spadina, Railway Lands, Harbourfront West, Bathurst Quay, South Niagara, Island airport",M5V,43.6289467,-79.3944199,Imprint Pilates,4bb13f68f964a520d7863ce3,43.646432,-79.395056,Pilates Studio
212,"CN Tower, King and Spadina, Railway Lands, Harbourfront West, Bathurst Quay, South Niagara, Island airport",M5V,43.6289467,-79.3944199,Inner Hero Pilates,4bc642ef51b376b071471b6f,43.63762,-79.393512,Pilates Studio
213,"CN Tower, King and Spadina, Railway Lands, Harbourfront West, Bathurst Quay, South Niagara, Island airport",M5V,43.6289467,-79.3944199,Live Body Wellness Consulting,4cc5c1383ed5199c91524b1e,43.646378,-79.395796,Pilates Studio
214,"CN Tower, King and Spadina, Railway Lands, Harbourfront West, Bathurst Quay, South Niagara, Island airport",M5V,43.6289467,-79.3944199,Barre 3,a55bd6549874496260831dc9,43.646172,-79.390901,Pilates Studio
215,"First Canadian Place, Underground city",M5X,43.6484292,-79.3822802,Imprint Pilates,4bb13f68f964a520d7863ce3,43.646432,-79.395056,Pilates Studio
216,"First Canadian Place, Underground city",M5X,43.6484292,-79.3822802,Live Body Wellness Consulting,4cc5c1383ed5199c91524b1e,43.646378,-79.395796,Pilates Studio
217,"First Canadian Place, Underground city",M5X,43.6484292,-79.3822802,Inner Hero Pilates,4bc642ef51b376b071471b6f,43.63762,-79.393512,Pilates Studio
218,"First Canadian Place, Underground city",M5X,43.6484292,-79.3822802,Have a Nice Day Pilates,61845b587f081a47081cf050,43.654036,-79.361392,Pilates Studio
219,"First Canadian Place, Underground city",M5X,43.6484292,-79.3822802,Sagrario Pilates Studio,4aeaed64f964a520b9bc21e3,43.665463,-79.381116,Pilates Studio
220,"First Canadian Place, Underground city",M5X,43.6484292,-79.3822802,Studio 4,74ba264fa75d43ed97298846,43.648719,-79.380556,Pilates Studio
221,"First Canadian Place, Underground city",M5X,43.6484292,-79.3822802,Barre 3,a55bd6549874496260831dc9,43.646172,-79.390901,Pilates Studio
222,Christie,M6G,43.669542,-79.4225637,Body Harmonics Pilates,4bd773ce5cf276b0be579b00,43.671702,-79.421958,Pilates Studio
223,Christie,M6G,43.669542,-79.4225637,Inhabit Pilates Movement,51688c23e4b0ad6ec99fd46e,43.675467,-79.414983,Pilates Studio
224,Christie,M6G,43.669542,-79.4225637,MISFITSTUDIO Bloor,5d8cd289f1c1fd0008aa92e3,43.66091,-79.429068,Pilates Studio
225,Christie,M6G,43.669542,-79.4225637,Assembly Movement,644530c127d104495fab2b5c,43.654589,-79.422586,Pilates Studio
226,Christie,M6G,43.669542,-79.4225637,Shas Yoga & Pilates Studio,4fe399f7e4b07215b0198bdb,43.675472,-79.403337,Pilates Studio
227,Enclave of M5E,M5W,43.6464352,-79.374846,Imprint Pilates,4bb13f68f964a520d7863ce3,43.646432,-79.395056,Pilates Studio
228,Enclave of M5E,M5W,43.6464352,-79.374846,Have a Nice Day Pilates,61845b587f081a47081cf050,43.654036,-79.361392,Pilates Studio
229,Enclave of M5E,M5W,43.6464352,-79.374846,Live Body Wellness Consulting,4cc5c1383ed5199c91524b1e,43.646378,-79.395796,Pilates Studio
230,Enclave of M5E,M5W,43.6464352,-79.374846,Inner Hero Pilates,4bc642ef51b376b071471b6f,43.63762,-79.393512,Pilates Studio
231,Enclave of M5E,M5W,43.6464352,-79.374846,Studio 4,74ba264fa75d43ed97298846,43.648719,-79.380556,Pilates Studio
232,Enclave of M5E,M5W,43.6464352,-79.374846,Barre 3,a55bd6549874496260831dc9,43.646172,-79.390901,Pilates Studio
233,The Beaches,M4E,43.6763574,-79.2930312,Beach Pilates,563e3354cd10dfa52622a148,43.671616,-79.29188,Pilates Studio
234,The Beaches,M4E,43.6763574,-79.2930312,Ki Pilates Fitness,45acc110ad014faee6c2b433,43.680712,-79.311412,Pilates Studio
235,"The Danforth West, Riverdale",M4K,43.6795571,-79.352188,Riverdale Pilates,4bda20bfc79cc92848a77de9,43.678018,-79.350372,Pilates Studio
237,"The Danforth West, Riverdale",M4K,43.6795571,-79.352188,Pilates Tall and Flex Classes with Leta,2145b254e26f4d891207a5c8,43.677389,-79.351301,Pilates Studio
238,"The Danforth West, Riverdale",M4K,43.6795571,-79.352188,Nourishing Vitality,ab95f03cd56b450730e5d297,43.677131,-79.353318,Pilates Studio
239,"India Bazaar, The Beaches West",M4L,43.6689985,-79.3155716,Ki Pilates Fitness,45acc110ad014faee6c2b433,43.680712,-79.311412,Pilates Studio
240,"India Bazaar, The Beaches West",M4L,43.6689985,-79.3155716,Beach Pilates,563e3354cd10dfa52622a148,43.671616,-79.29188,Pilates Studio
242,Studio District,M4M,43.6595255,-79.340923,Framewrk,599f64951755620376310885,43.658327,-79.353283,Pilates Studio
244,Studio District,M4M,43.6595255,-79.340923,Have a Nice Day Pilates,61845b587f081a47081cf050,43.654036,-79.361392,Pilates Studio
246,"Parkview Hill, Woodbine Gardens",M4B,43.7063972,-79.309937,The Workout Loft,4f6775dbe4b04103a061df56,43.696884,-79.329357,Pilates Studio
247,Woodbine Heights,M4C,43.6953439,-79.3183887,The Workout Loft,4f6775dbe4b04103a061df56,43.696884,-79.329357,Pilates Studio
248,Woodbine Heights,M4C,43.6953439,-79.3183887,Ki Pilates Fitness,45acc110ad014faee6c2b433,43.680712,-79.311412,Pilates Studio
249,Leaside,M4G,43.7090604,-79.3634517,Core Body Science,4e307348922e065e29f3b62c,43.704503,-79.366178,Pilates Studio
250,Leaside,M4G,43.7090604,-79.3634517,MODALIFE Studio,5fc11ef7054046f2f5c55a64,43.703508,-79.363633,Pilates Studio
251,Leaside,M4G,43.7090604,-79.3634517,North Movement Studio,191a326590db451f73ff78d6,43.707479,-79.375497,Pilates Studio
252,Thorncliffe Park,M4H,43.7053689,-79.3493719,Core Body Science,4e307348922e065e29f3b62c,43.704503,-79.366178,Pilates Studio
253,Thorncliffe Park,M4H,43.7053689,-79.3493719,The Workout Loft,4f6775dbe4b04103a061df56,43.696884,-79.329357,Pilates Studio
254,Thorncliffe Park,M4H,43.7053689,-79.3493719,MODALIFE Studio,5fc11ef7054046f2f5c55a64,43.703508,-79.363633,Pilates Studio
255,The Danforth East,M4J,43.685347,-79.3381065,Riverdale Pilates,4bda20bfc79cc92848a77de9,43.678018,-79.350372,Pilates Studio
256,The Danforth East,M4J,43.685347,-79.3381065,The Workout Loft,4f6775dbe4b04103a061df56,43.696884,-79.329357,Pilates Studio
257,The Danforth East,M4J,43.685347,-79.3381065,Pilates Tall and Flex Classes with Leta,2145b254e26f4d891207a5c8,43.677389,-79.351301,Pilates Studio
258,The Danforth East,M4J,43.685347,-79.3381065,Nourishing Vitality,ab95f03cd56b450730e5d297,43.677131,-79.353318,Pilates Studio
259,"The Kingsway, Montgomery Road, Old Mill North",M8X,43.6536536,-79.5069436,Studio Z Yoga & Fitness,506887dc498e82405f907327,43.658944,-79.488139,Pilates Studio
260,"Old Mill South, King's Mill Park, Sunnylea, Humber Bay, Mimico NE, The Queensway East, Royal York South East, Kingsway Park South East",M8Y,43.6362579,-79.4985091,Barira Barre,5d24bc7a33b320002374532c,43.624261,-79.510155,Pilates Studio
261,"Mimico NW, The Queensway West, South of Bloor, Kingsway Park South West, Royal York South West",M8Z,43.6288408,-79.5209994,Barira Barre,5d24bc7a33b320002374532c,43.624261,-79.510155,Pilates Studio
262,Hillcrest Village,M2H,43.8037622,-79.3634517,Cummer Park Pilates Studio,54c964e1498e23040c7b55ea,43.79984,-79.371079,Pilates Studio
263,Bayview Village,M2K,43.7869473,-79.385975,Cummer Park Pilates Studio,54c964e1498e23040c7b55ea,43.79984,-79.371079,Pilates Studio
264,"York Mills, Silver Hills",M2L,43.7574902,-79.3747141,9Movement Pilates,5c310a8da0215b002c19e5ae,43.766012,-79.391896,Pilates Studio
265,"Willowdale, Newtonbrook",M2M,43.789053,-79.4084928,ForME Studio,6271da0fbb54721d49e1beb2,43.797624,-79.419456,Pilates Studio
266,Willowdale) Sout,M2N,43.7701199,-79.4084928,9Movement Pilates,5c310a8da0215b002c19e5ae,43.766012,-79.391896,Pilates Studio
267,York Mills West,M2P,43.7527583,-79.4000493,9Movement Pilates,5c310a8da0215b002c19e5ae,43.766012,-79.391896,Pilates Studio
268,Downsview) East (CFB Toronto,M3K,43.7374732,-79.4647633,Harmony Fitness,4ca4b93af88a95215865b449,43.733152,-79.447306,Pilates Studio
269,"Bedford Park, Lawrence Manor East",M5M,43.7332825,-79.4197497,Lili Viola Pilates Inc,31075a42d66e4d8e534d83a9,43.731336,-79.4036,Pilates Studio
270,"Bedford Park, Lawrence Manor East",M5M,43.7332825,-79.4197497,Lili Viola Pilates Inc,7df0ad9e659c4b607b100bb5,43.729266,-79.418162,Pilates Studio
271,Ontario Provincial Government,M7A,43.6623015,-79.3894938,Imprint Pilates,4bb13f68f964a520d7863ce3,43.646432,-79.395056,Pilates Studio
272,Ontario Provincial Government,M7A,43.6623015,-79.3894938,Sagrario Pilates Studio,4aeaed64f964a520b9bc21e3,43.665463,-79.381116,Pilates Studio
273,Ontario Provincial Government,M7A,43.6623015,-79.3894938,Yorkville Pilates,552fcdcb498e1648d9296c98,43.669954,-79.395815,Pilates Studio
274,Ontario Provincial Government,M7A,43.6623015,-79.3894938,Pilates For Life,4b27ba32f964a520068924e3,43.671943,-79.390847,Pilates Studio
275,Ontario Provincial Government,M7A,43.6623015,-79.3894938,Coyne Pilates,4bd8a06003979c745323bdd2,43.672889,-79.384777,Pilates Studio
276,Ontario Provincial Government,M7A,43.6623015,-79.3894938,Eden Pilates,4f147559d5fb04999e94a665,43.674763,-79.38835,Pilates Studio
277,Ontario Provincial Government,M7A,43.6623015,-79.3894938,Body Mason,55fb37b3498edd6515930db3,43.674836,-79.388127,Pilates Studio
278,Ontario Provincial Government,M7A,43.6623015,-79.3894938,Shas Yoga & Pilates Studio,4fe399f7e4b07215b0198bdb,43.675472,-79.403337,Pilates Studio
279,Ontario Provincial Government,M7A,43.6623015,-79.3894938,Live Body Wellness Consulting,4cc5c1383ed5199c91524b1e,43.646378,-79.395796,Pilates Studio
280,Ontario Provincial Government,M7A,43.6623015,-79.3894938,Walker Dance Studios,aadffd01ad104bb8624857b6,43.666475,-79.384971,Pilates Studio
281,Ontario Provincial Government,M7A,43.6623015,-79.3894938,Mandy Mintz,ff7e4f2da4b740f1e88d516f,43.671943,-79.390847,Pilates Studio
282,Ontario Provincial Government,M7A,43.6623015,-79.3894938,Pilates With Stav,5e3d496e14ef4c636a892e2d,43.672547,-79.389493,Pilates Studio
283,Ontario Provincial Government,M7A,43.6623015,-79.3894938,Ugly Duckling Pilates,20e05b15a08046913a6c96df,43.674122,-79.385581,Pilates Studio
284,Ontario Provincial Government,M7A,43.6623015,-79.3894938,Ugly Duckling Movement Studio,06b630ea421942ae82614c7e,43.674174,-79.385636,Pilates Studio
285,Ontario Provincial Government,M7A,43.6623015,-79.3894938,Studio 4,74ba264fa75d43ed97298846,43.648719,-79.380556,Pilates Studio
286,Ontario Provincial Government,M7A,43.6623015,-79.3894938,Barre 3,a55bd6549874496260831dc9,43.646172,-79.390901,Pilates Studio
287,"Rouge Hill, Port Union, Highland Creek",M1C,43.7845351,-79.1604971,Rouge Hill Pilates,c1d1f33c690c40276893f1fe,43.791469,-79.138497,Pilates Studio
288,"Guildwood, Morningside, West Hill",M1E,43.7635726,-79.1887115,The Pilates House,9fa4420232f54e678994afeb,43.773366,-79.196775,Pilates Studio
289,Woburn,M1G,43.7709921,-79.2169174,The Pilates House,9fa4420232f54e678994afeb,43.773366,-79.196775,Pilates Studio
290,"Dufferin, Dovercourt Village",M6H,43.6690051,-79.4422593,MISFITSTUDIO Bloor,5d8cd289f1c1fd0008aa92e3,43.66091,-79.429068,Pilates Studio
291,"Dufferin, Dovercourt Village",M6H,43.6690051,-79.4422593,Body Harmonics Pilates,4bd773ce5cf276b0be579b00,43.671702,-79.421958,Pilates Studio
292,"Dufferin, Dovercourt Village",M6H,43.6690051,-79.4422593,Eastward Moving Dance +Somatics,70fa750557ea41eea23e2c51,43.665633,-79.463544,Pilates Studio
293,"Little Portugal, Trinity",M6J,43.6479267,-79.4197497,Imprint Pilates,4bb13f68f964a520d7863ce3,43.646432,-79.395056,Pilates Studio
294,"Little Portugal, Trinity",M6J,43.6479267,-79.4197497,Assembly Movement,644530c127d104495fab2b5c,43.654589,-79.422586,Pilates Studio
295,"Little Portugal, Trinity",M6J,43.6479267,-79.4197497,MISFITSTUDIO Bloor,5d8cd289f1c1fd0008aa92e3,43.66091,-79.429068,Pilates Studio
296,"Little Portugal, Trinity",M6J,43.6479267,-79.4197497,Live Body Wellness Consulting,4cc5c1383ed5199c91524b1e,43.646378,-79.395796,Pilates Studio
297,"Little Portugal, Trinity",M6J,43.6479267,-79.4197497,Fine Tune Pilates Parkdale,d4e585cb1a18449803d7d55d,43.640104,-79.440319,Pilates Studio
298,"Brockton, Parkdale Village, Exhibition Place",M6K,43.6368472,-79.4281914,Fine Tune Pilates Parkdale,d4e585cb1a18449803d7d55d,43.640104,-79.440319,Pilates Studio
299,"Brockton, Parkdale Village, Exhibition Place",M6K,43.6368472,-79.4281914,Underground Pilates,0c0df844567d4a78399da9d6,43.644933,-79.447217,Pilates Studio
300,"High Park, The Junction South",M6P,43.6616083,-79.4647633,The Loft Pilates Studio,4f17640ce4b062dab8e8fc04,43.665312,-79.468683,Pilates Studio
301,"High Park, The Junction South",M6P,43.6616083,-79.4647633,Retrofit Bodyworks Pilates,4ce31a82910ea1cd1701747b,43.650112,-79.47998,Pilates Studio
302,"High Park, The Junction South",M6P,43.6616083,-79.4647633,Studio Z Yoga & Fitness,506887dc498e82405f907327,43.658944,-79.488139,Pilates Studio
303,"High Park, The Junction South",M6P,43.6616083,-79.4647633,Eastward Moving Dance +Somatics,70fa750557ea41eea23e2c51,43.665633,-79.463544,Pilates Studio
304,"Parkdale, Roncesvalles",M6R,43.6489597,-79.456325,Retrofit Bodyworks Pilates,4ce31a82910ea1cd1701747b,43.650112,-79.47998,Pilates Studio
305,"Parkdale, Roncesvalles",M6R,43.6489597,-79.456325,Underground Pilates,0c0df844567d4a78399da9d6,43.644933,-79.447217,Pilates Studio
306,"Parkdale, Roncesvalles",M6R,43.6489597,-79.456325,Fine Tune Pilates Parkdale,d4e585cb1a18449803d7d55d,43.640104,-79.440319,Pilates Studio
307,"Parkdale, Roncesvalles",M6R,43.6489597,-79.456325,Eastward Moving Dance +Somatics,70fa750557ea41eea23e2c51,43.665633,-79.463544,Pilates Studio
308,"Runnymede, Swansea",M6S,43.6515706,-79.4844499,Retrofit Bodyworks Pilates,4ce31a82910ea1cd1701747b,43.650112,-79.47998,Pilates Studio
309,"Runnymede, Swansea",M6S,43.6515706,-79.4844499,Studio Z Yoga & Fitness,506887dc498e82405f907327,43.658944,-79.488139,Pilates Studio
310,"Runnymede, Swansea",M6S,43.6515706,-79.4844499,The Loft Pilates Studio,4f17640ce4b062dab8e8fc04,43.665312,-79.468683,Pilates Studio
311,Humewood-Cedarvale,M6C,43.6937813,-79.4281914,Body Harmonics Pilates,4e558712d4c0c50afda8fb30,43.70353,-79.412873,Pilates Studio
312,"Runnymede, The Junction North",M6N,43.6731853,-79.4872619,Studio Z Yoga & Fitness,506887dc498e82405f907327,43.658944,-79.488139,Pilates Studio
313,"Runnymede, The Junction North",M6N,43.6731853,-79.4872619,The Loft Pilates Studio,4f17640ce4b062dab8e8fc04,43.665312,-79.468683,Pilates Studio
